n_centroids;step_size;cell_size;totalAvg;dataName
100;2;3;0.687594734443225;2700270
100;2;3;0.5730259035459706;2710271
100;2;3;0.6870320065423666;2720272
100;2;3;0.6554481256674234;2730273
100;2;3;0.7371438544691841;2740274
100;2;3;0.6162274902519319;2750275
100;2;3;0.5656306657356245;2760276
100;2;3;0.5889907449631103;2770277
100;2;3;0.6817830295177852;2780278
100;2;3;0.642526706612476;2790279
100;2;3;0.7881960663851348;3000300
100;2;3;0.6934471587837302;3010301
100;2;3;0.6610668596936279;3020302
100;2;3;0.6610715519937295;3030303
100;2;3;0.7323840756759381;3040304
100;2;3;0.6851699409678662;3050305
100;2;3;0.6836667229699996;3060306
100;2;3;0.5789416730763277;3070307
100;2;3;0.6566459572554625;3080308
100;2;3;0.6567576269777767;3090309
100;2;5;0.693644702289276;2700270
100;2;5;0.5796844368880454;2710271
100;2;5;0.7003551982812305;2720272
100;2;5;0.681750036326419;2730273
100;2;5;0.7290874307603151;2740274
100;2;5;0.6236010561880249;2750275
100;2;5;0.5702549757520362;2760276
100;2;5;0.6095980659661727;2770277
100;2;5;0.7048783676958724;2780278
100;2;5;0.6525949613701316;2790279
100;2;5;0.786188396819026;3000300
100;2;5;0.7289516261803742;3010301
100;2;5;0.6786050311632073;3020302
100;2;5;0.6625158275940376;3030303
100;2;5;0.7404123709591972;3040304
100;2;5;0.703589984845196;3050305
100;2;5;0.6971314579695833;3060306
100;2;5;0.5785004085419606;3070307
100;2;5;0.6688148729344359;3080308
100;2;5;0.6738396527638836;3090309
100;2;7;0.712311487036692;2700270
100;2;7;0.596170205344033;2710271
100;2;7;0.7089445283274621;2720272
100;2;7;0.6862407408710467;2730273
100;2;7;0.736448705581493;2740274
100;2;7;0.6269184563211642;2750275
100;2;7;0.5927637890285584;2760276
100;2;7;0.608579465398283;2770277
100;2;7;0.7107230518148726;2780278
100;2;7;0.641113699236326;2790279
100;2;7;0.7971988049849045;3000300
100;2;7;0.7432045968277969;3010301
100;2;7;0.7010417961323987;3020302
100;2;7;0.6717559437951144;3030303
100;2;7;0.7362577137965343;3040304
100;2;7;0.6951392164127147;3050305
100;2;7;0.7461472586273746;3060306
100;2;7;0.5849594906017587;3070307
100;2;7;0.6860433547109716;3080308
100;2;7;0.6640150680369143;3090309
100;2;9;0.7130673739662452;2700270
100;2;9;0.5945504949590888;2710271
100;2;9;0.7015450618316815;2720272
100;2;9;0.673653641624332;2730273
100;2;9;0.7488547525971334;2740274
100;2;9;0.6483311678744553;2750275
100;2;9;0.5917043679954093;2760276
100;2;9;0.6270432432595887;2770277
100;2;9;0.7114594116061159;2780278
100;2;9;0.6712149871236299;2790279
100;2;9;0.8028191877469697;3000300
100;2;9;0.7319585379157444;3010301
100;2;9;0.6880587150699503;3020302
100;2;9;0.6610447330841211;3030303
100;2;9;0.7489106761115524;3040304
100;2;9;0.700813220772693;3050305
100;2;9;0.7538388909033162;3060306
100;2;9;0.6079435182519175;3070307
100;2;9;0.690438300158813;3080308
100;2;9;0.6949286118449458;3090309
100;4;3;0.6514043701539417;2700270
100;4;3;0.5419320546223281;2710271
100;4;3;0.650031518240179;2720272
100;4;3;0.6271859136645005;2730273
100;4;3;0.686353584820568;2740274
100;4;3;0.5947722490219831;2750275
100;4;3;0.5469045308074284;2760276
100;4;3;0.5756216855498885;2770277
100;4;3;0.6652725702054826;2780278
100;4;3;0.6173219037160059;2790279
100;4;3;0.7848573192929992;3000300
100;4;3;0.6691256340655182;3010301
100;4;3;0.6092672208108696;3020302
100;4;3;0.6252020069059715;3030303
100;4;3;0.6966079779331061;3040304
100;4;3;0.6674233265889014;3050305
100;4;3;0.661720448842364;3060306
100;4;3;0.5419688156174641;3070307
100;4;3;0.6315900124775997;3080308
100;4;3;0.6032752454359412;3090309
100;4;5;0.6785971741625663;2700270
100;4;5;0.5679196870534104;2710271
100;4;5;0.6931385089739204;2720272
100;4;5;0.6637091789645649;2730273
100;4;5;0.7045555776918274;2740274
100;4;5;0.6193651531561245;2750275
100;4;5;0.5661933133125568;2760276
100;4;5;0.599929876498394;2770277
100;4;5;0.6840496555881127;2780278
100;4;5;0.6226730485463555;2790279
100;4;5;0.7794342123748209;3000300
100;4;5;0.6987726750501387;3010301
100;4;5;0.6593829744490065;3020302
100;4;5;0.639187602326491;3030303
100;4;5;0.720197569746469;3040304
100;4;5;0.6797631508983317;3050305
100;4;5;0.6739329429198849;3060306
100;4;5;0.5742977644461208;3070307
100;4;5;0.6500547838859253;3080308
100;4;5;0.6381960912845401;3090309
100;4;7;0.7029055577728013;2700270
100;4;7;0.5711499587987717;2710271
100;4;7;0.6913227551234814;2720272
100;4;7;0.6812428364570301;2730273
100;4;7;0.7265386085058191;2740274
100;4;7;0.6198822864289537;2750275
100;4;7;0.581688817584612;2760276
100;4;7;0.5910306539169062;2770277
100;4;7;0.6942303931409235;2780278
100;4;7;0.6304653797423156;2790279
100;4;7;0.793829892773768;3000300
100;4;7;0.7171070936273819;3010301
100;4;7;0.6862145156904409;3020302
100;4;7;0.6701773824738407;3030303
100;4;7;0.7355408540101548;3040304
100;4;7;0.6777084175402486;3050305
100;4;7;0.70171484721954;3060306
100;4;7;0.5818269315640524;3070307
100;4;7;0.6528225356777558;3080308
100;4;7;0.6722661833147673;3090309
100;4;9;0.702258081854981;2700270
100;4;9;0.5903471604498804;2710271
100;4;9;0.706233550039525;2720272
100;4;9;0.6871359605475688;2730273
100;4;9;0.7150462840544175;2740274
100;4;9;0.6369575139275715;2750275
100;4;9;0.587914396937262;2760276
100;4;9;0.6156517805901162;2770277
100;4;9;0.7076907674772113;2780278
100;4;9;0.6487367395065613;2790279
100;4;9;0.7973560758495567;3000300
100;4;9;0.7276706436946984;3010301
100;4;9;0.6691998445313527;3020302
100;4;9;0.6492428190131427;3030303
100;4;9;0.7455733434692029;3040304
100;4;9;0.7014495915367628;3050305
100;4;9;0.7288084834967604;3060306
100;4;9;0.5699785741189131;3070307
100;4;9;0.670097406189506;3080308
100;4;9;0.667229030466926;3090309
100;6;3;0.6132015140069419;2700270
100;6;3;0.4770999794276669;2710271
100;6;3;0.6069565338982871;2720272
100;6;3;0.6103273341477726;2730273
100;6;3;0.6012723490542418;2740274
100;6;3;0.5547376361180342;2750275
100;6;3;0.5185296552640278;2760276
100;6;3;0.5398224920020057;2770277
100;6;3;0.633536011797952;2780278
100;6;3;0.5650439335922892;2790279
100;6;3;0.6935686491172559;3000300
100;6;3;0.6097223892861864;3010301
100;6;3;0.5493542542628326;3020302
100;6;3;0.5860029629975001;3030303
100;6;3;0.6447725248084407;3040304
100;6;3;0.6084018220901335;3050305
100;6;3;0.6141102178459764;3060306
100;6;3;0.487996510865837;3070307
100;6;3;0.5650307574638431;3080308
100;6;3;0.5772708412985329;3090309
100;6;5;0.6330205711434154;2700270
100;6;5;0.5143973213172155;2710271
100;6;5;0.6470707207915796;2720272
100;6;5;0.6142448402543762;2730273
100;6;5;0.6649852861122673;2740274
100;6;5;0.5684174034290849;2750275
100;6;5;0.5453217978628531;2760276
100;6;5;0.5883490001899425;2770277
100;6;5;0.6642696723298771;2780278
100;6;5;0.5826076001608304;2790279
100;6;5;0.7452521981362444;3000300
100;6;5;0.6398395521954436;3010301
100;6;5;0.5938932951244604;3020302
100;6;5;0.608495220985462;3030303
100;6;5;0.6731985124754035;3040304
100;6;5;0.6377531084192625;3050305
100;6;5;0.6325804180733502;3060306
100;6;5;0.5251188453613471;3070307
100;6;5;0.5890382470127479;3080308
100;6;5;0.6017505398765594;3090309
100;6;7;0.6568049699255982;2700270
100;6;7;0.5370837250832068;2710271
100;6;7;0.6644795620394428;2720272
100;6;7;0.6537830206734203;2730273
100;6;7;0.6930656488117292;2740274
100;6;7;0.5975402248731856;2750275
100;6;7;0.549792864241141;2760276
100;6;7;0.5761736453340144;2770277
100;6;7;0.6750858418775342;2780278
100;6;7;0.6108630920680982;2790279
100;6;7;0.7412557159895407;3000300
100;6;7;0.7018018159265229;3010301
100;6;7;0.625299997607133;3020302
100;6;7;0.6386146317937974;3030303
100;6;7;0.7010954089558903;3040304
100;6;7;0.6612327824906039;3050305
100;6;7;0.6762825093400621;3060306
100;6;7;0.5313356521857258;3070307
100;6;7;0.623229957573642;3080308
100;6;7;0.6193482083911048;3090309
100;6;9;0.6802242786704668;2700270
100;6;9;0.5640108870057052;2710271
100;6;9;0.681617727666251;2720272
100;6;9;0.6539682071808244;2730273
100;6;9;0.7086911664678186;2740274
100;6;9;0.6214194239345472;2750275
100;6;9;0.5608511958872728;2760276
100;6;9;0.600711753713196;2770277
100;6;9;0.6873723022924305;2780278
100;6;9;0.6066576201710497;2790279
100;6;9;0.7892861595020148;3000300
100;6;9;0.7227206599292268;3010301
100;6;9;0.641658516079626;3020302
100;6;9;0.6365149558740829;3030303
100;6;9;0.7011971482049891;3040304
100;6;9;0.674078923278743;3050305
100;6;9;0.7049971782433926;3060306
100;6;9;0.5690016490418794;3070307
100;6;9;0.6367383328751098;3080308
100;6;9;0.6356160207763745;3090309
100;8;3;0.5659006776499725;2700270
100;8;3;0.42189419448107157;2710271
100;8;3;0.555860559740064;2720272
100;8;3;0.5662557166556295;2730273
100;8;3;0.5516518132352176;2740274
100;8;3;0.522183482489176;2750275
100;8;3;0.47453911077204186;2760276
100;8;3;0.51265054547508;2770277
100;8;3;0.5981944046065852;2780278
100;8;3;0.48878415824279;2790279
100;8;3;0.6501549672007368;3000300
100;8;3;0.5782844519091506;3010301
100;8;3;0.4981617652979435;3020302
100;8;3;0.5483144202950319;3030303
100;8;3;0.6166633280551667;3040304
100;8;3;0.5736735469337975;3050305
100;8;3;0.57274230281373;3060306
100;8;3;0.4518779940389065;3070307
100;8;3;0.5259911636397078;3080308
100;8;3;0.5286343516528719;3090309
100;8;5;0.60485973061703;2700270
100;8;5;0.44715653575352815;2710271
100;8;5;0.586990018426461;2720272
100;8;5;0.5767194957126646;2730273
100;8;5;0.5810329974004524;2740274
100;8;5;0.5507022829055758;2750275
100;8;5;0.48424460379082607;2760276
100;8;5;0.5388070962852735;2770277
100;8;5;0.6185413069266478;2780278
100;8;5;0.5213325073255726;2790279
100;8;5;0.6827725326748807;3000300
100;8;5;0.6113234052675937;3010301
100;8;5;0.5151009272323493;3020302
100;8;5;0.5719962171798053;3030303
100;8;5;0.6362587550938568;3040304
100;8;5;0.5961800728166793;3050305
100;8;5;0.6038640877234516;3060306
100;8;5;0.4845092115683318;3070307
100;8;5;0.5449857883223919;3080308
100;8;5;0.5584520245770371;3090309
100;8;7;0.6014818138784022;2700270
100;8;7;0.48937285137457176;2710271
100;8;7;0.5992158646134561;2720272
100;8;7;0.5996633323718766;2730273
100;8;7;0.6225992294799906;2740274
100;8;7;0.5624863960612302;2750275
100;8;7;0.5103572692626244;2760276
100;8;7;0.5552072184830713;2770277
100;8;7;0.6398490074009104;2780278
100;8;7;0.5547051100358339;2790279
100;8;7;0.7067937631653843;3000300
100;8;7;0.6339757660304803;3010301
100;8;7;0.5659039740923701;3020302
100;8;7;0.593097801615113;3030303
100;8;7;0.6644400721852766;3040304
100;8;7;0.6281333419817746;3050305
100;8;7;0.6358897740318333;3060306
100;8;7;0.5059309250916911;3070307
100;8;7;0.5731768206317471;3080308
100;8;7;0.5762479341627056;3090309
100;8;9;0.6577781171180935;2700270
100;8;9;0.5019316455086947;2710271
100;8;9;0.6340493978779222;2720272
100;8;9;0.6361840855791007;2730273
100;8;9;0.6515951345127565;2740274
100;8;9;0.586830562155061;2750275
100;8;9;0.5239013239311221;2760276
100;8;9;0.5851891531686324;2770277
100;8;9;0.6768566642239405;2780278
100;8;9;0.5798550275674129;2790279
100;8;9;0.7429752915001545;3000300
100;8;9;0.6383137839151458;3010301
100;8;9;0.6137603597855793;3020302
100;8;9;0.6118570723984524;3030303
100;8;9;0.6870666105915962;3040304
100;8;9;0.636288326612309;3050305
100;8;9;0.6566598085555669;3060306
100;8;9;0.5244242103881049;3070307
100;8;9;0.5768179591244845;3080308
100;8;9;0.6108209289505298;3090309
150;2;3;0.6820065511867743;2700270
150;2;3;0.5871004682119837;2710271
150;2;3;0.6952651345408343;2720272
150;2;3;0.6586787303417282;2730273
150;2;3;0.7401942012980168;2740274
150;2;3;0.6363599354335489;2750275
150;2;3;0.5656671537829618;2760276
150;2;3;0.5975754184325619;2770277
150;2;3;0.6815551896401657;2780278
150;2;3;0.6476133301592122;2790279
150;2;3;0.7993141680192043;3000300
150;2;3;0.7104417204183641;3010301
150;2;3;0.6691140750981633;3020302
150;2;3;0.6600676873270785;3030303
150;2;3;0.7298743554056891;3040304
150;2;3;0.6851097435785102;3050305
150;2;3;0.6926681295851561;3060306
150;2;3;0.586353622246834;3070307
150;2;3;0.6601627485966437;3080308
150;2;3;0.669680513289033;3090309
150;2;5;0.709906773246534;2700270
150;2;5;0.5947894556343803;2710271
150;2;5;0.7084867952112466;2720272
150;2;5;0.6846542092482967;2730273
150;2;5;0.7292285880195096;2740274
150;2;5;0.6343066094307043;2750275
150;2;5;0.5853844314340463;2760276
150;2;5;0.6172757428304729;2770277
150;2;5;0.7143321563150652;2780278
150;2;5;0.6480094585873076;2790279
150;2;5;0.7911609706008655;3000300
150;2;5;0.734195318450255;3010301
150;2;5;0.6923286001977835;3020302
150;2;5;0.6669390327088185;3030303
150;2;5;0.7406050915112139;3040304
150;2;5;0.7049372977370614;3050305
150;2;5;0.7168314347465069;3060306
150;2;5;0.6066552364187573;3070307
150;2;5;0.6796441041587876;3080308
150;2;5;0.6855645840984896;3090309
150;2;7;0.725265880744885;2700270
150;2;7;0.6043855387183004;2710271
150;2;7;0.7072950832165418;2720272
150;2;7;0.6953093059197195;2730273
150;2;7;0.7482407665633608;2740274
150;2;7;0.6352572275895217;2750275
150;2;7;0.5994009472133887;2760276
150;2;7;0.61721434325561;2770277
150;2;7;0.7131789009341624;2780278
150;2;7;0.6667788634630957;2790279
150;2;7;0.8052761304310883;3000300
150;2;7;0.7296319359312945;3010301
150;2;7;0.6971406354550996;3020302
150;2;7;0.673547638178333;3030303
150;2;7;0.7448714029821933;3040304
150;2;7;0.7187257717417126;3050305
150;2;7;0.7459904367829788;3060306
150;2;7;0.5995151388775791;3070307
150;2;7;0.6791009428191115;3080308
150;2;7;0.6819651940627274;3090309
150;2;9;0.7226892808761735;2700270
150;2;9;0.6136962989626203;2710271
150;2;9;0.7150861416075656;2720272
150;2;9;0.694007041350464;2730273
150;2;9;0.7569042042220703;2740274
150;2;9;0.6531401205939873;2750275
150;2;9;0.6154278863754186;2760276
150;2;9;0.6316896087938213;2770277
150;2;9;0.7261977786911303;2780278
150;2;9;0.6386328405267955;2790279
150;2;9;0.8081981061570106;3000300
150;2;9;0.7449181085114288;3010301
150;2;9;0.6867457626277684;3020302
150;2;9;0.6634574333926654;3030303
150;2;9;0.7615504035383857;3040304
150;2;9;0.7205696094417992;3050305
150;2;9;0.7383665668205901;3060306
150;2;9;0.6178711642991085;3070307
150;2;9;0.6999776899600245;3080308
150;2;9;0.6902032038256555;3090309
150;4;3;0.6488208902705824;2700270
150;4;3;0.5344737924614753;2710271
150;4;3;0.6562862566956296;2720272
150;4;3;0.6427843180686716;2730273
150;4;3;0.679617364922038;2740274
150;4;3;0.5939414756275241;2750275
150;4;3;0.549585057179928;2760276
150;4;3;0.5830266241570587;2770277
150;4;3;0.6652479315283879;2780278
150;4;3;0.59676114734013;2790279
150;4;3;0.7562316287159381;3000300
150;4;3;0.6448252056472136;3010301
150;4;3;0.5892811263559554;3020302
150;4;3;0.6201802373013074;3030303
150;4;3;0.6948496538910954;3040304
150;4;3;0.6563828172796882;3050305
150;4;3;0.6496351895424909;3060306
150;4;3;0.5395287303699168;3070307
150;4;3;0.6184146556413957;3080308
150;4;3;0.6202508115121267;3090309
150;4;5;0.6959108909659656;2700270
150;4;5;0.5802460845642764;2710271
150;4;5;0.6856993450403124;2720272
150;4;5;0.6524820321406462;2730273
150;4;5;0.7186411204415648;2740274
150;4;5;0.6225990884038672;2750275
150;4;5;0.5570151217608825;2760276
150;4;5;0.6027992075276863;2770277
150;4;5;0.6884174185174113;2780278
150;4;5;0.6408788138429582;2790279
150;4;5;0.7850596508390899;3000300
150;4;5;0.6920915100428215;3010301
150;4;5;0.6589651830094767;3020302
150;4;5;0.6403341975220002;3030303
150;4;5;0.7231909966715954;3040304
150;4;5;0.6766951998070285;3050305
150;4;5;0.6995016243521072;3060306
150;4;5;0.5679923527122989;3070307
150;4;5;0.6573878271583817;3080308
150;4;5;0.656165493820482;3090309
150;4;7;0.7130160180525638;2700270
150;4;7;0.5714033608702548;2710271
150;4;7;0.688637328664611;2720272
150;4;7;0.6899660798188578;2730273
150;4;7;0.7234341873645982;2740274
150;4;7;0.6313944086403269;2750275
150;4;7;0.5886737041667017;2760276
150;4;7;0.6181895212175004;2770277
150;4;7;0.7087868532641856;2780278
150;4;7;0.6121452639977403;2790279
150;4;7;0.7849535165254685;3000300
150;4;7;0.7194497661497345;3010301
150;4;7;0.6577878581429306;3020302
150;4;7;0.6518130787811044;3030303
150;4;7;0.7388825665951764;3040304
150;4;7;0.6886597654182858;3050305
150;4;7;0.731610610367141;3060306
150;4;7;0.5771373103152132;3070307
150;4;7;0.6612958853281812;3080308
150;4;7;0.6600843260949575;3090309
150;4;9;0.7087053910774217;2700270
150;4;9;0.5934246957749015;2710271
150;4;9;0.7066467456854875;2720272
150;4;9;0.6796467569261352;2730273
150;4;9;0.7368561585601665;2740274
150;4;9;0.6265973545531357;2750275
150;4;9;0.6148953125681659;2760276
150;4;9;0.6271925636080665;2770277
150;4;9;0.7143088950965291;2780278
150;4;9;0.6269144670902471;2790279
150;4;9;0.7922474827701965;3000300
150;4;9;0.7168805012914825;3010301
150;4;9;0.6630312008696408;3020302
150;4;9;0.6530008699141698;3030303
150;4;9;0.7350858844926255;3040304
150;4;9;0.7051074551720231;3050305
150;4;9;0.7338214407175513;3060306
150;4;9;0.6049329350513002;3070307
150;4;9;0.6721669587829316;3080308
150;4;9;0.6783220443295099;3090309
150;6;3;0.597523947978731;2700270
150;6;3;0.46488906507773653;2710271
150;6;3;0.5893317474415312;2720272
150;6;3;0.5746939467718836;2730273
150;6;3;0.5943615724663522;2740274
150;6;3;0.5417286931321323;2750275
150;6;3;0.5126646055204662;2760276
150;6;3;0.5297606692691724;2770277
150;6;3;0.6360669202012184;2780278
150;6;3;0.52519312029492;2790279
150;6;3;0.670448114667918;3000300
150;6;3;0.5974698209816464;3010301
150;6;3;0.5272276335169451;3020302
150;6;3;0.5781223332222191;3030303
150;6;3;0.6360129493480762;3040304
150;6;3;0.5977591935787747;3050305
150;6;3;0.5990230540420952;3060306
150;6;3;0.48447382847612763;3070307
150;6;3;0.5553866254708978;3080308
150;6;3;0.562466873727132;3090309
150;6;5;0.6329930681047835;2700270
150;6;5;0.513743534196758;2710271
150;6;5;0.6358148866568533;2720272
150;6;5;0.6139034819474177;2730273
150;6;5;0.652402663363979;2740274
150;6;5;0.5820675299322019;2750275
150;6;5;0.5292598077107451;2760276
150;6;5;0.5426472111422399;2770277
150;6;5;0.6581025337891315;2780278
150;6;5;0.5779520251456064;2790279
150;6;5;0.7264265220979014;3000300
150;6;5;0.6430936366095455;3010301
150;6;5;0.5740095636820297;3020302
150;6;5;0.6062061127586976;3030303
150;6;5;0.66867097671901;3040304
150;6;5;0.6287686605186334;3050305
150;6;5;0.6356170362546829;3060306
150;6;5;0.49848640917875703;3070307
150;6;5;0.5744573029800377;3080308
150;6;5;0.6290001571632347;3090309
150;6;7;0.6571440294716936;2700270
150;6;7;0.5405586550137012;2710271
150;6;7;0.6643933721018236;2720272
150;6;7;0.6494594029374611;2730273
150;6;7;0.6956062096169567;2740274
150;6;7;0.6038701852693977;2750275
150;6;7;0.5597142465656972;2760276
150;6;7;0.5792862924791409;2770277
150;6;7;0.6807431458565474;2780278
150;6;7;0.595614377328876;2790279
150;6;7;0.7598061134572851;3000300
150;6;7;0.6937808962248248;3010301
150;6;7;0.6066927770050755;3020302
150;6;7;0.6340206002689076;3030303
150;6;7;0.709716460025443;3040304
150;6;7;0.6562924109810823;3050305
150;6;7;0.6689825293002704;3060306
150;6;7;0.5403736890959265;3070307
150;6;7;0.6127564924890048;3080308
150;6;7;0.6142026932201723;3090309
150;6;9;0.706672088049512;2700270
150;6;9;0.5625302848740944;2710271
150;6;9;0.6894787918784754;2720272
150;6;9;0.6692560476413377;2730273
150;6;9;0.7029543437794764;2740274
150;6;9;0.6247749040517202;2750275
150;6;9;0.5510290781706398;2760276
150;6;9;0.5967125064317158;2770277
150;6;9;0.6953989555500636;2780278
150;6;9;0.6138561793196391;2790279
150;6;9;0.7900809895005212;3000300
150;6;9;0.7165051492511935;3010301
150;6;9;0.6404172516115908;3020302
150;6;9;0.6253821012705074;3030303
150;6;9;0.7043654166909398;3040304
150;6;9;0.702284220764459;3050305
150;6;9;0.6794669165632115;3060306
150;6;9;0.5504563331369003;3070307
150;6;9;0.6543477855736413;3080308
150;6;9;0.6430400255840013;3090309
150;8;3;0.5532438074475658;2700270
150;8;3;0.4065463719634028;2710271
150;8;3;0.5515777957867951;2720272
150;8;3;0.5476515235862377;2730273
150;8;3;0.528929919632511;2740274
150;8;3;0.5107626567817279;2750275
150;8;3;0.45886753667631863;2760276
150;8;3;0.490404613740796;2770277
150;8;3;0.6019264870942554;2780278
150;8;3;0.490065545421329;2790279
150;8;3;0.6365476728835466;3000300
150;8;3;0.5662865599864204;3010301
150;8;3;0.48631105177800327;3020302
150;8;3;0.5434614846535673;3030303
150;8;3;0.5973561760110015;3040304
150;8;3;0.5663276254379176;3050305
150;8;3;0.5630359814849474;3060306
150;8;3;0.4560486485019846;3070307
150;8;3;0.5007135282741584;3080308
150;8;3;0.5153854352348035;3090309
150;8;5;0.5786293397423026;2700270
150;8;5;0.43446463433924987;2710271
150;8;5;0.5699415098555887;2720272
150;8;5;0.5602922245138788;2730273
150;8;5;0.559371671907505;2740274
150;8;5;0.5373893209009778;2750275
150;8;5;0.47557073475999173;2760276
150;8;5;0.5125873353400077;2770277
150;8;5;0.6033898434178782;2780278
150;8;5;0.5120506822021879;2790279
150;8;5;0.6902123021053892;3000300
150;8;5;0.5831657911639506;3010301
150;8;5;0.5075606444224485;3020302
150;8;5;0.558927569430745;3030303
150;8;5;0.6242461980385952;3040304
150;8;5;0.5805589596636536;3050305
150;8;5;0.5747981979675275;3060306
150;8;5;0.46750651372657664;3070307
150;8;5;0.5249467624234772;3080308
150;8;5;0.5388972970326062;3090309
150;8;7;0.6095834809724024;2700270
150;8;7;0.489861594048804;2710271
150;8;7;0.602530588469078;2720272
150;8;7;0.5868165180544372;2730273
150;8;7;0.6104167262794526;2740274
150;8;7;0.5503502830600717;2750275
150;8;7;0.5114743040727836;2760276
150;8;7;0.5343933502581125;2770277
150;8;7;0.627051434229798;2780278
150;8;7;0.5438913433082094;2790279
150;8;7;0.6800030848055969;3000300
150;8;7;0.6136241097028616;3010301
150;8;7;0.5538882959328529;3020302
150;8;7;0.5937730396497174;3030303
150;8;7;0.6362215877405479;3040304
150;8;7;0.6235759602885528;3050305
150;8;7;0.6242869184319126;3060306
150;8;7;0.5002227385185668;3070307
150;8;7;0.5473079881324678;3080308
150;8;7;0.5767486942339349;3090309
150;8;9;0.6381142507841033;2700270
150;8;9;0.4870259484735269;2710271
150;8;9;0.6334771796690694;2720272
150;8;9;0.6121446637972986;2730273
150;8;9;0.6337698127908333;2740274
150;8;9;0.5840867706819308;2750275
150;8;9;0.532103406717613;2760276
150;8;9;0.5631549505777008;2770277
150;8;9;0.6695481716954643;2780278
150;8;9;0.5648606695705441;2790279
150;8;9;0.7348668703310407;3000300
150;8;9;0.6443939851812804;3010301
150;8;9;0.5819189483729175;3020302
150;8;9;0.5949973581406156;3030303
150;8;9;0.6744651712529888;3040304
150;8;9;0.644210987325209;3050305
150;8;9;0.6329496279343396;3060306
150;8;9;0.49790997418351446;3070307
150;8;9;0.5972081111595061;3080308
150;8;9;0.6038013818295049;3090309
200;2;3;0.6939462231361162;2700270
200;2;3;0.5850720676274667;2710271
200;2;3;0.6844969213199719;2720272
200;2;3;0.6630290169849177;2730273
200;2;3;0.7416724271185849;2740274
200;2;3;0.6263184581486564;2750275
200;2;3;0.5764209958985186;2760276
200;2;3;0.5990509988885435;2770277
200;2;3;0.6952593897573704;2780278
200;2;3;0.6493281685052277;2790279
200;2;3;0.797543649816214;3000300
200;2;3;0.7106558503373783;3010301
200;2;3;0.664840935959672;3020302
200;2;3;0.6554876430620128;3030303
200;2;3;0.7266691252733134;3040304
200;2;3;0.6859074052278284;3050305
200;2;3;0.6942619704767976;3060306
200;2;3;0.5843824456186039;3070307
200;2;3;0.6621988654129334;3080308
200;2;3;0.670634887204527;3090309
200;2;5;0.7161760202101327;2700270
200;2;5;0.5960623629931839;2710271
200;2;5;0.7081335104226869;2720272
200;2;5;0.685691875969048;2730273
200;2;5;0.7459573745769026;2740274
200;2;5;0.6315693712527074;2750275
200;2;5;0.599809303386562;2760276
200;2;5;0.6131887022422706;2770277
200;2;5;0.709931333313534;2780278
200;2;5;0.6495058612675282;2790279
200;2;5;0.81308144313225;3000300
200;2;5;0.7280568667581521;3010301
200;2;5;0.692493670412639;3020302
200;2;5;0.6672010679635199;3030303
200;2;5;0.7464571672082947;3040304
200;2;5;0.7077080030255526;3050305
200;2;5;0.7262508433988557;3060306
200;2;5;0.6112464243938404;3070307
200;2;5;0.6792279068495845;3080308
200;2;5;0.6794738061268298;3090309
200;2;7;0.7253367973633672;2700270
200;2;7;0.5935595732866601;2710271
200;2;7;0.7067482637669393;2720272
200;2;7;0.6942802372392772;2730273
200;2;7;0.743328738838728;2740274
200;2;7;0.6416992764395962;2750275
200;2;7;0.6168305622389152;2760276
200;2;7;0.6234158416741071;2770277
200;2;7;0.7361203521026762;2780278
200;2;7;0.6537009276545404;2790279
200;2;7;0.8166822804587104;3000300
200;2;7;0.7649597938357945;3010301
200;2;7;0.6846550314243978;3020302
200;2;7;0.6682155615384002;3030303
200;2;7;0.745446510603248;3040304
200;2;7;0.7013537171809067;3050305
200;2;7;0.7454788462590439;3060306
200;2;7;0.6165939077643412;3070307
200;2;7;0.687132469614043;3080308
200;2;7;0.6930194037472915;3090309
200;2;9;0.7544579072431612;2700270
200;2;9;0.6024327599116033;2710271
200;2;9;0.7167119115741585;2720272
200;2;9;0.6995987974090119;2730273
200;2;9;0.7645867846255654;2740274
200;2;9;0.6522832359312327;2750275
200;2;9;0.6052462885854875;2760276
200;2;9;0.6340253910561656;2770277
200;2;9;0.742073324220629;2780278
200;2;9;0.6522814525181351;2790279
200;2;9;0.8071884089899003;3000300
200;2;9;0.7531181638195639;3010301
200;2;9;0.6825071893010708;3020302
200;2;9;0.6768166122224923;3030303
200;2;9;0.7544616293150861;3040304
200;2;9;0.7010969543798535;3050305
200;2;9;0.75907228852677;3060306
200;2;9;0.6276147785113946;3070307
200;2;9;0.697507003119913;3080308
200;2;9;0.6977101662963399;3090309
200;4;3;0.6667244033857016;2700270
200;4;3;0.5390797261563418;2710271
200;4;3;0.650428591065506;2720272
200;4;3;0.6365646813157109;2730273
200;4;3;0.6709352124807735;2740274
200;4;3;0.5895525924480006;2750275
200;4;3;0.5476903491882461;2760276
200;4;3;0.5625217746044336;2770277
200;4;3;0.6674241853290913;2780278
200;4;3;0.5985127468163016;2790279
200;4;3;0.7549661062778638;3000300
200;4;3;0.6634766967567512;3010301
200;4;3;0.6031585566106088;3020302
200;4;3;0.6174322878991076;3030303
200;4;3;0.6854579263746355;3040304
200;4;3;0.6453554758732801;3050305
200;4;3;0.6587436314626447;3060306
200;4;3;0.52704621772644;3070307
200;4;3;0.6051767021836149;3080308
200;4;3;0.6180657795038271;3090309
200;4;5;0.6693583862892274;2700270
200;4;5;0.5896347017117888;2710271
200;4;5;0.6794796305577465;2720272
200;4;5;0.6650007210942989;2730273
200;4;5;0.7059265736644277;2740274
200;4;5;0.6145226575497295;2750275
200;4;5;0.5784574434343601;2760276
200;4;5;0.5802557343057474;2770277
200;4;5;0.6885635643838612;2780278
200;4;5;0.6312815359293555;2790279
200;4;5;0.7802696657754081;3000300
200;4;5;0.701525599598984;3010301
200;4;5;0.6516127184985961;3020302
200;4;5;0.6342174841817712;3030303
200;4;5;0.6996325362154027;3040304
200;4;5;0.6841186238062563;3050305
200;4;5;0.6858222169835704;3060306
200;4;5;0.5633718891373772;3070307
200;4;5;0.6252765169764295;3080308
200;4;5;0.6518816217915024;3090309
200;4;7;0.7177396881306473;2700270
200;4;7;0.5738017827474493;2710271
200;4;7;0.7036904039264356;2720272
200;4;7;0.6769634789322323;2730273
200;4;7;0.7349485017099601;2740274
200;4;7;0.6269187381036994;2750275
200;4;7;0.5889257197378542;2760276
200;4;7;0.614991032303884;2770277
200;4;7;0.7079027783116436;2780278
200;4;7;0.6191818122365103;2790279
200;4;7;0.7938600869639114;3000300
200;4;7;0.7228190089658734;3010301
200;4;7;0.6658730528219591;3020302
200;4;7;0.6502914853796418;3030303
200;4;7;0.7300446615816515;3040304
200;4;7;0.6860223894065699;3050305
200;4;7;0.7177109099397652;3060306
200;4;7;0.5769307143585352;3070307
200;4;7;0.6396829235207266;3080308
200;4;7;0.653915378064439;3090309
200;4;9;0.7238213994151874;2700270
200;4;9;0.5946964819370626;2710271
200;4;9;0.7080067256698985;2720272
200;4;9;0.6802904449181453;2730273
200;4;9;0.7483155477995207;2740274
200;4;9;0.6463677649551068;2750275
200;4;9;0.5788190727073909;2760276
200;4;9;0.6242477714881083;2770277
200;4;9;0.7125655530299322;2780278
200;4;9;0.6502172408115796;2790279
200;4;9;0.7902243285069038;3000300
200;4;9;0.733751622579726;3010301
200;4;9;0.6612865509266439;3020302
200;4;9;0.6527825713198099;3030303
200;4;9;0.7380452436371583;3040304
200;4;9;0.6996266082660172;3050305
200;4;9;0.717381595108545;3060306
200;4;9;0.6167385251503056;3070307
200;4;9;0.6770888236483911;3080308
200;4;9;0.6660442638913737;3090309
200;6;3;0.5957901766064654;2700270
200;6;3;0.45490875861057395;2710271
200;6;3;0.5879473313302358;2720272
200;6;3;0.5729864152375453;2730273
200;6;3;0.5727527206013457;2740274
200;6;3;0.5359057472886437;2750275
200;6;3;0.499199262065609;2760276
200;6;3;0.5220214599993027;2770277
200;6;3;0.6189298711834988;2780278
200;6;3;0.5268848435033687;2790279
200;6;3;0.6798384562288424;3000300
200;6;3;0.5861769181538693;3010301
200;6;3;0.5122023843578215;3020302
200;6;3;0.5671394336764599;3030303
200;6;3;0.6263648653823838;3040304
200;6;3;0.5876136244002989;3050305
200;6;3;0.5938084389957848;3060306
200;6;3;0.48117589349255135;3070307
200;6;3;0.5317089281213789;3080308
200;6;3;0.555146441984794;3090309
200;6;5;0.6222750733443865;2700270
200;6;5;0.4809890376866419;2710271
200;6;5;0.6262329826188794;2720272
200;6;5;0.614437439558274;2730273
200;6;5;0.6161880532582941;2740274
200;6;5;0.5633158946454303;2750275
200;6;5;0.5199017792877506;2760276
200;6;5;0.5498692940906755;2770277
200;6;5;0.6418190203440511;2780278
200;6;5;0.5633257734233639;2790279
200;6;5;0.7134173069625853;3000300
200;6;5;0.6352903946722799;3010301
200;6;5;0.5622857483445289;3020302
200;6;5;0.5888943664106219;3030303
200;6;5;0.6554330257184696;3040304
200;6;5;0.6389515926470883;3050305
200;6;5;0.6129929845174746;3060306
200;6;5;0.4981024658670116;3070307
200;6;5;0.5758890458390657;3080308
200;6;5;0.5974176319070397;3090309
200;6;7;0.6664079595363351;2700270
200;6;7;0.5186752818379488;2710271
200;6;7;0.6481370996747339;2720272
200;6;7;0.6405857965815642;2730273
200;6;7;0.6892474549985838;2740274
200;6;7;0.5922770005194143;2750275
200;6;7;0.5559326616910739;2760276
200;6;7;0.5727287027751534;2770277
200;6;7;0.6681910922056793;2780278
200;6;7;0.5969438895556202;2790279
200;6;7;0.7474624677488694;3000300
200;6;7;0.6545288960488443;3010301
200;6;7;0.6152569103931782;3020302
200;6;7;0.6219041535616993;3030303
200;6;7;0.6680339484713556;3040304
200;6;7;0.65141914270843;3050305
200;6;7;0.6846555610056635;3060306
200;6;7;0.5313333182748117;3070307
200;6;7;0.5843877456842078;3080308
200;6;7;0.6280401521958169;3090309
200;6;9;0.6732306728363369;2700270
200;6;9;0.5643235226088761;2710271
200;6;9;0.6715238805439446;2720272
200;6;9;0.6453324985139791;2730273
200;6;9;0.6725456243738116;2740274
200;6;9;0.6055882460267349;2750275
200;6;9;0.5626333397530251;2760276
200;6;9;0.5865797158060295;2770277
200;6;9;0.6927872140410823;2780278
200;6;9;0.6281256663889798;2790279
200;6;9;0.757239820574891;3000300
200;6;9;0.6891764828404674;3010301
200;6;9;0.6338231617369481;3020302
200;6;9;0.6163104547006063;3030303
200;6;9;0.6935457017921113;3040304
200;6;9;0.6782182193339763;3050305
200;6;9;0.6864980757464292;3060306
200;6;9;0.5702420596234063;3070307
200;6;9;0.6424660735775;3080308
200;6;9;0.6354448219061238;3090309
200;8;3;0.5394223746366589;2700270
200;8;3;0.39318420124926184;2710271
200;8;3;0.5421902606776203;2720272
200;8;3;0.5327971023716815;2730273
200;8;3;0.5132375392411276;2740274
200;8;3;0.5009077508896568;2750275
200;8;3;0.4512043296564067;2760276
200;8;3;0.48510636605478746;2770277
200;8;3;0.5777389121400651;2780278
200;8;3;0.46444586621858913;2790279
200;8;3;0.6251792908603173;3000300
200;8;3;0.5609956305224615;3010301
200;8;3;0.49061874698773117;3020302
200;8;3;0.5369980660964827;3030303
200;8;3;0.5890134216205747;3040304
200;8;3;0.562149704970422;3050305
200;8;3;0.550456092776401;3060306
200;8;3;0.43363124205823456;3070307
200;8;3;0.49537653910712853;3080308
200;8;3;0.5057987900415083;3090309
200;8;5;0.5829110781496543;2700270
200;8;5;0.41248511855916764;2710271
200;8;5;0.5599324266672113;2720272
200;8;5;0.5637470633426447;2730273
200;8;5;0.5429055711049303;2740274
200;8;5;0.5283420220738803;2750275
200;8;5;0.4745960003196328;2760276
200;8;5;0.49851983509948083;2770277
200;8;5;0.5903987861508648;2780278
200;8;5;0.4774365172555137;2790279
200;8;5;0.6742843610540351;3000300
200;8;5;0.569192458272739;3010301
200;8;5;0.5054976969755851;3020302
200;8;5;0.5540044416650335;3030303
200;8;5;0.6177841594278218;3040304
200;8;5;0.5733554839708179;3050305
200;8;5;0.5873547890987526;3060306
200;8;5;0.46050713357616063;3070307
200;8;5;0.5127597437241963;3080308
200;8;5;0.5207312969407399;3090309
200;8;7;0.6298727925768477;2700270
200;8;7;0.4697845859100445;2710271
200;8;7;0.5850815942739527;2720272
200;8;7;0.5838158885756329;2730273
200;8;7;0.5818569820476628;2740274
200;8;7;0.539303393075211;2750275
200;8;7;0.5011044501910018;2760276
200;8;7;0.5507763530774153;2770277
200;8;7;0.642187718429753;2780278
200;8;7;0.5106805815251453;2790279
200;8;7;0.6884446057334846;3000300
200;8;7;0.612823867012021;3010301
200;8;7;0.5357692270417054;3020302
200;8;7;0.5641335855796445;3030303
200;8;7;0.6309131400526434;3040304
200;8;7;0.5971946727817818;3050305
200;8;7;0.603659330673438;3060306
200;8;7;0.4903563573648872;3070307
200;8;7;0.5255680925953917;3080308
200;8;7;0.5540468794166772;3090309
200;8;9;0.6418826300946855;2700270
200;8;9;0.48164528557798514;2710271
200;8;9;0.6282083810001369;2720272
200;8;9;0.600412839183699;2730273
200;8;9;0.6285971472949333;2740274
200;8;9;0.5761923314849534;2750275
200;8;9;0.5134374138822276;2760276
200;8;9;0.5452424361368919;2770277
200;8;9;0.6712612080547331;2780278
200;8;9;0.5577923915950705;2790279
200;8;9;0.7214623727603003;3000300
200;8;9;0.6215676358651092;3010301
200;8;9;0.5665716998054867;3020302
200;8;9;0.6046167505185872;3030303
200;8;9;0.655051342617694;3040304
200;8;9;0.6306589117854224;3050305
200;8;9;0.6362215263946017;3060306
200;8;9;0.4957373128183396;3070307
200;8;9;0.5598435005660476;3080308
200;8;9;0.6037422481159125;3090309
250;2;3;0.6937320605859716;2700270
250;2;3;0.5841626083688221;2710271
250;2;3;0.697073336613249;2720272
250;2;3;0.6699828634423424;2730273
250;2;3;0.740629072210603;2740274
250;2;3;0.6253748999073061;2750275
250;2;3;0.5770095367276148;2760276
250;2;3;0.6018110727401789;2770277
250;2;3;0.6987570761970323;2780278
250;2;3;0.647501452183199;2790279
250;2;3;0.7995993139765757;3000300
250;2;3;0.7171878650597924;3010301
250;2;3;0.6600448118156363;3020302
250;2;3;0.6579530913021878;3030303
250;2;3;0.724346177347817;3040304
250;2;3;0.691439684270563;3050305
250;2;3;0.6996655190592569;3060306
250;2;3;0.5873675557164262;3070307
250;2;3;0.6757726824698048;3080308
250;2;3;0.6610435414081351;3090309
250;2;5;0.7211546355537485;2700270
250;2;5;0.6026859709762304;2710271
250;2;5;0.7174526322196364;2720272
250;2;5;0.6852141143912519;2730273
250;2;5;0.7433910974884839;2740274
250;2;5;0.6432416187171967;2750275
250;2;5;0.5977525638763141;2760276
250;2;5;0.6172165178288023;2770277
250;2;5;0.7159414384229069;2780278
250;2;5;0.6581852375390752;2790279
250;2;5;0.8098986075957061;3000300
250;2;5;0.7285498372772338;3010301
250;2;5;0.6940854713486019;3020302
250;2;5;0.6677522559154369;3030303
250;2;5;0.7338645072609843;3040304
250;2;5;0.7088988193253979;3050305
250;2;5;0.7288108661697007;3060306
250;2;5;0.611431446154143;3070307
250;2;5;0.6923611399843566;3080308
250;2;5;0.6848679417793415;3090309
250;2;7;0.7321355164989165;2700270
250;2;7;0.6065735471967161;2710271
250;2;7;0.7151638297483752;2720272
250;2;7;0.6940316869918909;2730273
250;2;7;0.7463235327431796;2740274
250;2;7;0.6461249503001125;2750275
250;2;7;0.6007306326653197;2760276
250;2;7;0.6260665506265577;2770277
250;2;7;0.7165096078478249;2780278
250;2;7;0.6454454185112344;2790279
250;2;7;0.8135303605586366;3000300
250;2;7;0.7379321653436444;3010301
250;2;7;0.6897432174598732;3020302
250;2;7;0.6644130483919091;3030303
250;2;7;0.7655903966043656;3040304
250;2;7;0.7035782037597796;3050305
250;2;7;0.7584016336344771;3060306
250;2;7;0.6098043246449361;3070307
250;2;7;0.6882454946554107;3080308
250;2;7;0.6947349465784188;3090309
250;2;9;0.7321472614480912;2700270
250;2;9;0.6055671154365935;2710271
250;2;9;0.7080250942795029;2720272
250;2;9;0.7065679823663058;2730273
250;2;9;0.7554816006998463;2740274
250;2;9;0.6486765695497082;2750275
250;2;9;0.6153733818362938;2760276
250;2;9;0.638229498114271;2770277
250;2;9;0.7344540058809136;2780278
250;2;9;0.6605374543716327;2790279
250;2;9;0.8174616645581597;3000300
250;2;9;0.7599016760553046;3010301
250;2;9;0.6976374813345835;3020302
250;2;9;0.6701215522862881;3030303
250;2;9;0.7528165743959295;3040304
250;2;9;0.7213687304558164;3050305
250;2;9;0.7673610297230543;3060306
250;2;9;0.6182712859725965;3070307
250;2;9;0.7066745031163155;3080308
250;2;9;0.7088297623737623;3090309
250;4;3;0.6479015953779006;2700270
250;4;3;0.5021441524428047;2710271
250;4;3;0.6428590695635767;2720272
250;4;3;0.6232776372685764;2730273
250;4;3;0.6677717405133657;2740274
250;4;3;0.5884981269505627;2750275
250;4;3;0.5475114654130512;2760276
250;4;3;0.5638891009252561;2770277
250;4;3;0.6534769430830846;2780278
250;4;3;0.6064660419460507;2790279
250;4;3;0.7411953619858942;3000300
250;4;3;0.6439683258031668;3010301
250;4;3;0.5853239759513983;3020302
250;4;3;0.6224361299820871;3030303
250;4;3;0.6687054612420341;3040304
250;4;3;0.6426068070482271;3050305
250;4;3;0.6506722646512493;3060306
250;4;3;0.5462060500260408;3070307
250;4;3;0.5935113915189438;3080308
250;4;3;0.6025670645690893;3090309
250;4;5;0.6907514603569032;2700270
250;4;5;0.5623913143326169;2710271
250;4;5;0.661249864227334;2720272
250;4;5;0.6480358550156629;2730273
250;4;5;0.7145957571234942;2740274
250;4;5;0.6005058730213179;2750275
250;4;5;0.5655011145470327;2760276
250;4;5;0.5833908532162471;2770277
250;4;5;0.6912998018603318;2780278
250;4;5;0.6317564899057754;2790279
250;4;5;0.7684512564434257;3000300
250;4;5;0.6844970964362168;3010301
250;4;5;0.6515419745050814;3020302
250;4;5;0.6263093533311713;3030303
250;4;5;0.6904053751971798;3040304
250;4;5;0.6696238641386436;3050305
250;4;5;0.6870462682376174;3060306
250;4;5;0.5726230551099656;3070307
250;4;5;0.6238068704681626;3080308
250;4;5;0.646383903800803;3090309
250;4;7;0.7064059588705535;2700270
250;4;7;0.5812642659140967;2710271
250;4;7;0.6893922439039752;2720272
250;4;7;0.6893925050557675;2730273
250;4;7;0.7271819969150615;2740274
250;4;7;0.6298508474826431;2750275
250;4;7;0.5787585093225583;2760276
250;4;7;0.6164640631472468;2770277
250;4;7;0.7151543922650394;2780278
250;4;7;0.6311866743645085;2790279
250;4;7;0.7804952436857466;3000300
250;4;7;0.7100139630534329;3010301
250;4;7;0.6701892962057051;3020302
250;4;7;0.6504042157069219;3030303
250;4;7;0.7337392252120684;3040304
250;4;7;0.6873413082460657;3050305
250;4;7;0.7265179364354424;3060306
250;4;7;0.5880944879123278;3070307
250;4;7;0.6526829313075726;3080308
250;4;7;0.6610112340551625;3090309
250;4;9;0.7184622996691107;2700270
250;4;9;0.5904861753388996;2710271
250;4;9;0.6925591608858072;2720272
250;4;9;0.6859067714314611;2730273
250;4;9;0.7467629556176771;2740274
250;4;9;0.6334171522694837;2750275
250;4;9;0.5919528362574755;2760276
250;4;9;0.6230207492152748;2770277
250;4;9;0.7063798793003321;2780278
250;4;9;0.6303592325169352;2790279
250;4;9;0.7937975020765297;3000300
250;4;9;0.7346806962665676;3010301
250;4;9;0.6800656163222268;3020302
250;4;9;0.6660626678840944;3030303
250;4;9;0.7408350839115264;3040304
250;4;9;0.6962863652294424;3050305
250;4;9;0.7331105352623918;3060306
250;4;9;0.5820108231787355;3070307
250;4;9;0.6809106486985759;3080308
250;4;9;0.6867665060456092;3090309
250;6;3;0.5788788477502591;2700270
250;6;3;0.4272882493006658;2710271
250;6;3;0.5763543140962667;2720272
250;6;3;0.5672422851062059;2730273
250;6;3;0.5535078769044569;2740274
250;6;3;0.5368857379887381;2750275
250;6;3;0.48867494299993547;2760276
250;6;3;0.5128516459783282;2770277
250;6;3;0.6086493370125238;2780278
250;6;3;0.5058422962580397;2790279
250;6;3;0.663540495621783;3000300
250;6;3;0.5754640774676996;3010301
250;6;3;0.5090943844265104;3020302
250;6;3;0.5534204675652571;3030303
250;6;3;0.6168053284610725;3040304
250;6;3;0.5852278170123695;3050305
250;6;3;0.5865310274168833;3060306
250;6;3;0.4510874277990543;3070307
250;6;3;0.5161132269437865;3080308
250;6;3;0.5401911720773327;3090309
250;6;5;0.6233232022360229;2700270
250;6;5;0.46524716419982165;2710271
250;6;5;0.6152257301283777;2720272
250;6;5;0.5831082869453906;2730273
250;6;5;0.6046757028292064;2740274
250;6;5;0.5470433263939005;2750275
250;6;5;0.5223006606686877;2760276
250;6;5;0.5346527857804607;2770277
250;6;5;0.6532821642087395;2780278
250;6;5;0.5427416187531857;2790279
250;6;5;0.6927784285872151;3000300
250;6;5;0.602048178420726;3010301
250;6;5;0.548558815241465;3020302
250;6;5;0.5825058394343221;3030303
250;6;5;0.6506574139662555;3040304
250;6;5;0.6164875004709973;3050305
250;6;5;0.6240040697567759;3060306
250;6;5;0.48495262077969886;3070307
250;6;5;0.5406153403818023;3080308
250;6;5;0.5964774500311827;3090309
250;6;7;0.6599231901686357;2700270
250;6;7;0.5208303533953856;2710271
250;6;7;0.6310632390685721;2720272
250;6;7;0.6242619263635084;2730273
250;6;7;0.6536621266687701;2740274
250;6;7;0.5939374696871292;2750275
250;6;7;0.5428633603831201;2760276
250;6;7;0.5903782843381009;2770277
250;6;7;0.6770668723726639;2780278
250;6;7;0.5606554669535111;2790279
250;6;7;0.7272394446720497;3000300
250;6;7;0.6515091719332874;3010301
250;6;7;0.5974383056683829;3020302
250;6;7;0.5985571292170695;3030303
250;6;7;0.6689673455267474;3040304
250;6;7;0.643696060367172;3050305
250;6;7;0.6712683870445609;3060306
250;6;7;0.5145050673620802;3070307
250;6;7;0.5873217415843957;3080308
250;6;7;0.6213894074916814;3090309
250;6;9;0.6853811881763024;2700270
250;6;9;0.5463473909218601;2710271
250;6;9;0.6737999127357452;2720272
250;6;9;0.6530049618665488;2730273
250;6;9;0.6727361784520253;2740274
250;6;9;0.6211570893305536;2750275
250;6;9;0.5593839404508604;2760276
250;6;9;0.5972733165248906;2770277
250;6;9;0.6809336194351443;2780278
250;6;9;0.6041118323453921;2790279
250;6;9;0.7647012458586833;3000300
250;6;9;0.6981144269417248;3010301
250;6;9;0.6185792535837153;3020302
250;6;9;0.6199371749850117;3030303
250;6;9;0.6946077384474598;3040304
250;6;9;0.6695251005294948;3050305
250;6;9;0.6963724456032634;3060306
250;6;9;0.5559534218872718;3070307
250;6;9;0.6176365810121353;3080308
250;6;9;0.6322806274418162;3090309
250;8;3;0.5365281053193574;2700270
250;8;3;0.3814403621511439;2710271
250;8;3;0.5399516009239536;2720272
250;8;3;0.5263564746340504;2730273
250;8;3;0.5042486510898003;2740274
250;8;3;0.49340559981797744;2750275
250;8;3;0.442677041467594;2760276
250;8;3;0.4933557069244458;2770277
250;8;3;0.581125312670224;2780278
250;8;3;0.45588730860708887;2790279
250;8;3;0.617536349290786;3000300
250;8;3;0.546120892253065;3010301
250;8;3;0.4731969291244885;3020302
250;8;3;0.537067987197527;3030303
250;8;3;0.5816383729893452;3040304
250;8;3;0.5551970143586034;3050305
250;8;3;0.5481779428797979;3060306
250;8;3;0.43761244367798807;3070307
250;8;3;0.49129484121397543;3080308
250;8;3;0.5055851046245904;3090309
250;8;5;0.5583896206545851;2700270
250;8;5;0.4013868218435312;2710271
250;8;5;0.5517237343298713;2720272
250;8;5;0.5467368336022298;2730273
250;8;5;0.5323073872327161;2740274
250;8;5;0.5214090413085569;2750275
250;8;5;0.45827511751091016;2760276
250;8;5;0.48627716638478397;2770277
250;8;5;0.5927224715611387;2780278
250;8;5;0.4644258299779934;2790279
250;8;5;0.6394971312126703;3000300
250;8;5;0.5608783517629498;3010301
250;8;5;0.48839785315249534;3020302
250;8;5;0.548663101060462;3030303
250;8;5;0.5949530010110646;3040304
250;8;5;0.5637979442064293;3050305
250;8;5;0.5622478936066673;3060306
250;8;5;0.4440088400123798;3070307
250;8;5;0.5026835404797362;3080308
250;8;5;0.5163335389107577;3090309
250;8;7;0.5893424377110661;2700270
250;8;7;0.4355343464827704;2710271
250;8;7;0.5801590200762411;2720272
250;8;7;0.5846034352346822;2730273
250;8;7;0.5739753408159766;2740274
250;8;7;0.5424894773908164;2750275
250;8;7;0.48458663046802564;2760276
250;8;7;0.5097620881143774;2770277
250;8;7;0.6289079086064764;2780278
250;8;7;0.5104366308801129;2790279
250;8;7;0.6852896368177351;3000300
250;8;7;0.5894110694656863;3010301
250;8;7;0.5314648177596695;3020302
250;8;7;0.5610338020116475;3030303
250;8;7;0.6168081105814245;3040304
250;8;7;0.6025343063900471;3050305
250;8;7;0.605164432513211;3060306
250;8;7;0.4688833457995991;3070307
250;8;7;0.522390354250635;3080308
250;8;7;0.5599963314912613;3090309
250;8;9;0.6322966316341476;2700270
250;8;9;0.46359443630159997;2710271
250;8;9;0.6163884860628194;2720272
250;8;9;0.5879658719353907;2730273
250;8;9;0.6217086041762304;2740274
250;8;9;0.5641696969820084;2750275
250;8;9;0.5102633858596018;2760276
250;8;9;0.54881714120821;2770277
250;8;9;0.6499026805042865;2780278
250;8;9;0.5396983987297286;2790279
250;8;9;0.7139426228367616;3000300
250;8;9;0.6301098483091095;3010301
250;8;9;0.5698960567267348;3020302
250;8;9;0.5844360534723408;3030303
250;8;9;0.657256351470671;3040304
250;8;9;0.614332777866659;3050305
250;8;9;0.6524235412029782;3060306
250;8;9;0.5106518596672887;3070307
250;8;9;0.5405237899681467;3080308
250;8;9;0.5703639092563206;3090309
